Voltage_measured,Current_measured,Temperature_measured,Time,capacity,test_id,type,name,i_mean_10,i_std_10,v_mean_10,v_std_10,i_mean_all,v_mean_all,count_all,mean_posizVoltage_measured,std_posizVoltage_measured,mean_posizCurrent_measured,std_posizCurrent_measured,Obj_capacity
3.831938252983524,-2.013409300587134,26.95745885098636,290.141,1.8564874208181574,1,discharge,B0005,,,,,,,0.0,,,,,1.8564874208181574
3.826414443009924,-2.013145499824814,27.129800142459917,308.359,1.8564874208181574,1,discharge,B0005,-2.013409300587134,0.0,3.831938252983524,0.0,-2.013409300587134,3.831938252983524,1.0,,,,,1.8462991186856708
3.8210957343825593,-2.012041289430313,27.305824075615053,326.5,1.8564874208181574,1,discharge,B0005,-2.013277400205974,0.00013190038115995506,3.8291763479967242,0.002761904986800068,-2.013277400205974,3.8291763479967242,2.0,,,,,1.83615732513791
3.815896664668625,-2.014463252999404,27.464816676940977,344.75,1.8564874208181574,1,discharge,B0005,-2.012865363280754,0.0005925768550915089,3.8264828101253356,0.0044267036607330236,-2.012865363280754,3.8264828101253356,3.0,,,,,1.8259512545963346
3.810696821906357,-2.013140029715948,27.61796452275516,362.906,1.8564874208181574,1,discharge,B0005,-2.0132648357104164,0.0008614494547414301,3.823836273761158,0.005975721141059549,-2.0132648357104164,3.823836273761158,4.0,,,,,1.815794981651754
3.8058373809696873,-2.0092264361962906,27.775477825458733,381.047,1.8564874208181574,1,discharge,B0005,-2.0132398745115223,0.0007721194054421193,3.8212083833901977,0.00749604067036107,-2.0132398745115223,3.8212083833901977,5.0,,,,,1.8056602941436826
3.801121633463299,-2.0146661803839097,27.93132997915235,399.187,1.8564874208181574,1,discharge,B0005,-2.0125709681256505,0.0016534768657344241,3.818646549653446,0.008924151607681632,-2.0125709681256505,3.818646549653446,6.0,,,,,1.7955223202457986
3.7962931305502456,-2.013218328840318,28.07896948157122,417.281,1.8564874208181574,1,discharge,B0005,-2.012870284162545,0.0016973381787239417,3.8161429901977106,0.010289321158603423,-2.012870284162545,3.8161429901977106,7.0,,,,,1.7854000227027567
3.7914489063900754,-2.011514220111743,28.233503103314952,435.484,1.8564874208181574,1,discharge,B0005,-2.0129137897472664,0.001591881412872346,3.8136617577417775,0.011650406223364277,-2.0129137897472664,3.8136617577417775,8.0,,,,,1.7752247162321213
3.78662468670613,-2.0122022798127417,28.378779409387704,453.672,1.8564874208181574,1,discharge,B0005,-2.012758282009986,0.0015639637221808416,3.8111936631471437,0.013014705649019263,-2.012758282009986,3.8111936631471437,9.0,,,,,1.7650603612737008
3.782062923033413,-2.0138533447712548,28.52252419508983,471.812,1.8564874208181574,1,discharge,B0005,-2.0127026817902616,0.0014930528228326737,3.808736765503043,0.01437954871057756,-2.0127026817902616,3.808736765503043,10.0,,,,,1.7549169377973184
3.7771754018686496,-2.012131460111624,28.6658983307403,490.203,1.8564874208181574,1,discharge,B0005,-2.0127470862086736,0.001519771856749414,3.8037492325080313,0.01411433387809421,-2.0128072875158063,3.8063118707330763,11.0,,,,,1.7446333424436238
3.7724062939793614,-2.010701731407519,28.816718288957556,508.344,1.8564874208181574,1,discharge,B0005,-2.0126456822373546,0.0015236305127400498,3.798825328393904,0.013936113513915759,-2.012750968565458,3.803883831661041,12.0,,,,,1.734497478981492
3.767937459194956,-2.01208603752232,28.932748936688014,526.625,1.8564874208181574,1,discharge,B0005,-2.012511726435075,0.0016263059978828252,3.793956384353584,0.013809709752732234,-2.0125933349379244,3.801462482608604,13.0,,,,,1.7242835090920745
3.7632293036403497,-2.0122939193277443,29.0704460950252,544.922,1.8564874208181574,1,discharge,B0005,-2.012274004887367,0.001491856285444701,3.7891604638062177,0.01368459302167327,-2.0125570994082382,3.7990678380790577,14.0,,,,,1.7140565535267294
3.758511492029129,-2.0134659783611792,29.1845862659112,563.125,1.8564874208181574,1,discharge,B0005,-2.012189393848547,0.0014640751028045802,3.7844137119796164,0.013623416164770802,-2.0125395540695385,3.7966786024498105,15.0,,,,,1.703878649718725
3.754213210075249,-2.013587960930042,29.292444107327626,581.406,1.8564874208181574,1,discharge,B0005,-2.0126133480650354,0.0011175122933808114,3.779681123085561,0.013579219819088712,-2.012597455587766,3.794293158048518,16.0,,,,,1.693653847904255
3.7496292028995617,-2.0128470572358244,29.4027458081941,599.656,1.8564874208181574,1,discharge,B0005,-2.0125055261196487,0.0009543495820045571,3.7749902807467564,0.013464142001327018,-2.0126557206078997,3.7919355140500905,17.0,,,,,1.6834479535873763
3.745168859636383,-2.0124262827670187,29.498965095148662,617.875,1.8564874208181574,1,discharge,B0005,-2.012468398959199,0.000932877418046678,3.770323887981688,0.013358337635205832,-2.012666350420562,3.7895851634306164,18.0,,,,,1.6732623348399442
3.741005008761193,-2.012455650506209,29.593702926896327,636.047,1.8564874208181574,1,discharge,B0005,-2.0125596052247268,0.0008781078204305643,3.7656958833063188,0.013254345020813088,-2.0126537152809023,3.7872474632309205,19.0,,,,,1.6631039800494662
3.736699828857414,-2.0133848004978523,29.681428273132017,654.422,1.8564874208181574,1,discharge,B0005,-2.0125849422940734,0.0008710590626148621,3.7611339155118246,0.013115965811874878,-2.0126438120421675,3.7849353405074337,20.0,,,,,1.6528296997317995
3.73248270531015,-2.012628857345505,29.76670141542565,672.594,1.8564874208181574,1,discharge,B0005,-2.012538087866733,0.0008121830972171388,3.7565976060942248,0.012936405201048653,-2.012679097206724,3.7826384113812423,21.0,,,,,1.6426684885942537
3.7283525544000353,-2.015505361933708,29.83908101440069,690.812,1.8564874208181574,1,discharge,B0005,-2.0125878275901217,0.000800909882588408,3.752128336438375,0.012774368256716299,-2.0126768135766686,3.780358606559829,22.0,,,,,1.6324761900933054
3.724533235478666,-2.011329657572897,29.910875731095437,708.937,1.8564874208181574,1,discharge,B0005,-2.0130681906427403,0.0009519310696190381,3.7477229624804416,0.012616908876544475,-2.0127997939400184,3.7780974738572293,23.0,,,,,1.622339192214339
3.7206510260877055,-2.0108790415318465,29.982244319075196,727.266,1.8564874208181574,1,discharge,B0005,-2.012992552647798,0.0010517789232180445,3.7433825401088128,0.012379857807522252,-2.0127385382580547,3.775865630591456,24.0,,,,,1.612099877874632
3.7164090082277776,-2.012996130285865,30.03264277840019,745.578,1.8564874208181574,1,discharge,B0005,-2.012851064868208,0.0012182381473620683,3.7391247123535485,0.01214143948807055,-2.0126641583890064,3.7736570464113055,25.0,,,,,1.6018658220209758
3.712791837839384,-2.01075794856787,30.094357850362577,763.797,1.8564874208181574,1,discharge,B0005,-2.012804080060677,0.001202576046953152,3.7349144639734133,0.011987658661893002,-2.0126769265388855,3.7714551987888623,26.0,,,,,1.5916840476372762
3.7084276144367743,-2.0137012692563894,30.1385033025236,782.109,1.8564874208181574,1,discharge,B0005,-2.0125210788244594,0.0013127520466006243,3.7307723267498267,0.01175770207189023,-2.0126058532807,3.769282481716659,27.0,,,,,1.5814485063599433
3.704791771654605,-2.011144436461852,30.18676402113827,800.484,1.8564874208181574,1,discharge,B0005,-2.012606500026516,0.0013581899378172137,3.7266521679035476,0.011646385195219613,-2.0126449752798314,3.767109093599521,28.0,,,,,1.5711767647151413
3.700682577796298,-2.012174075768356,30.237829191847663,818.797,1.8564874208181574,1,discharge,B0005,-2.0124783153959998,0.0014278528524804522,3.7226144591053703,0.01152545447779606,-2.01259323256197,3.7649602204290065,29.0,,,,,1.5609435658381314
3.6967577147701225,-2.01231592461865,30.280514742929128,837.016,1.8564874208181574,1,discharge,B0005,-2.0124501579222143,0.001430795488665812,3.718582216008881,0.011439258133365196,-2.0125792606688497,3.762817632341249,30.0,,,,,1.5507599292663188
3.6930393322124,-2.0120123756511448,30.33483731398849,855.25,1.8564874208181574,1,discharge,B0005,-2.012343270334294,0.0013964945246916377,3.7145880046001514,0.011388985809248646,-2.012570765957553,3.7606866672583097,31.0,,,,,1.5405683178458855
3.689176796697776,-2.0120803747271694,30.3862846045558,873.578,1.8564874208181574,1,discharge,B0005,-2.0122816221648576,0.0013961338029483776,3.710643667290377,0.01133859328873791,-2.012553316260478,3.758572688038125,32.0,,,,,1.5303247661890893
3.685214481541968,-2.010711081087841,30.422588674734524,891.812,1.8564874208181574,1,discharge,B0005,-2.011939123444204,0.0008925718265078265,3.7067260915201508,0.011310989474384647,-2.012538984698862,3.756469782239933,33.0,,,,,1.5201370468272377
3.681493741415728,-2.013344119617849,30.47429007075274,910.141,1.8564874208181574,1,discharge,B0005,-2.0118772657956985,0.0009521145072259004,3.702794216126481,0.011271394659389715,-2.01248522282795,3.754374038101757,34.0,,,,,1.5098930318586636
3.6777922137897634,-2.0110307397305536,30.52163903632653,928.391,1.8564874208181574,1,discharge,B0005,-2.0121237736042987,0.0009804472350063067,3.6988784876592833,0.011189095773569796,-2.0125097627362325,3.752291743910728,35.0,,,,,1.4996923594721208
3.674061813182095,-2.0126836937029475,30.56564255984485,946.719,1.8564874208181574,1,discharge,B0005,-2.0119272345487675,0.0009828636055983797,3.695016808215482,0.01113617867732212,-2.012468678763853,3.750222312518479,36.0,,,,,1.4894497708421248
3.6703017649960343,-2.0114412418104908,30.614342540274404,965.047,1.8564874208181574,1,discharge,B0005,-2.012119809062275,0.0009216485222901909,3.6911438057497525,0.011015005279416491,-2.0124744899784233,3.7481639206445228,37.0,,,,,1.479206137256279
3.666733911530225,-2.0127904770485,30.65539856459504,983.391,1.8564874208181574,1,discharge,B0005,-2.011893806317685,0.0007709101601609519,3.687331220805679,0.010970897837224136,-2.0124472992371616,3.74611491654851,38.0,,,,,1.4689532891103418
3.662998049506258,-2.011569191758114,30.703512411809328,1001.766,1.8564874208181574,1,discharge,B0005,-2.0120584103763504,0.0007690606613121442,3.6835254347932413,0.01085423528059081,-2.0124560986682214,3.7440795061634256,39.0,,,,,1.4586827878722415
3.659664386801439,-2.0126631912960185,30.75861687077348,1020.172,1.8564874208181574,1,discharge,B0005,-2.011997921975326,0.0007812752981320055,3.679756981964237,0.010784886919726398,-2.012433925995469,3.7420524697469966,40.0,,,,,1.448395284921895
3.6558941361243935,-2.0139053880760813,30.805908655557538,1038.594,1.8564874208181574,1,discharge,B0005,-2.0120326486430633,0.000802079116302528,3.6760476491673684,0.010678173182584348,-2.0124395178320675,3.7400430043093,41.0,,,,,1.4380928618150628
3.652326513003176,-2.010715775544467,30.859714600620457,1056.922,1.8564874208181574,1,discharge,B0005,-2.0122219498855562,0.0009788616589579378,3.672333129558568,0.01058160697248577,-2.012474419504544,3.7380394598287063,42.0,,,,,1.427847965053002
3.648763482293651,-2.012021545570249,30.91010409185825,1075.203,1.8564874208181574,1,discharge,B0005,-2.012085489967286,0.0010790739548851163,3.6686481011891083,0.010490306495343351,-2.012433520807798,3.736046135483927,43.0,,,,,1.4176341232519885
3.645546859271647,-2.009214327441653,30.955158203441798,1093.687,1.8564874208181574,1,discharge,B0005,-2.012216536415527,0.0009791508261329436,3.6650030012642767,0.010433364172999633,-2.0124241577342175,3.7340624388205117,44.0,,,,,1.407310717157995
3.642076254837322,-2.013709849652648,31.00631131316394,1112.0,1.8564874208181574,1,discharge,B0005,-2.0118035571979074,0.0012499463950883677,3.6614083130498685,0.010324388585146081,-2.0123528281721605,3.732095425941648,45.0,,,,,1.3970785212614496
3.638464063053352,-2.012817105537171,31.06151882732067,1130.328,1.8564874208181574,1,discharge,B0005,-2.012071468190117,0.0013394999437716824,3.657836717154624,0.010215984022404605,-2.0123823286391276,3.7301384874393797,46.0,,,,,1.386828773201072
3.6350760693865416,-2.0140626569872078,31.121401494237123,1148.75,1.8564874208181574,1,discharge,B0005,-2.0120848093735395,0.001346178892148233,3.65427694214175,0.010143910980801817,-2.0123915792114264,3.7281879677715923,47.0,,,,,1.3765255538975685
3.6316648242502687,-2.011073764656804,31.162425809723157,1167.125,1.8564874208181574,1,discharge,B0005,-2.012346950891211,0.0014468067016184792,3.6507543725808005,0.010083565360513849,-2.012426393331755,3.726248136555237,48.0,,,,,1.366253070321498
3.628578536468816,-2.010892908444055,31.224806538316223,1185.641,1.8564874208181574,1,discharge,B0005,-2.0121752796520416,0.0014853307345562784,3.6472474638528047,0.010014309791294541,-2.0123987886649193,3.7243178648755437,49.0,,,,,1.35590991269384
3.625012599283518,-2.012403944593161,31.27691155461776,1203.984,1.8564874208181574,1,discharge,B0005,-2.0121076513206355,0.0015262198851407325,3.6438055125490605,0.00992391867877105,-2.012368671060502,3.722403078307409,50.0,,,,,1.3456600051694982
3.621582226811228,-2.0132359077233173,31.329021354767168,1222.406,1.8564874208181574,1,discharge,B0005,-2.01208172665035,0.0015187467047466923,3.640340333797268,0.009830751131339781,-2.0123693626983976,3.720493461071647,51.0,,,,,1.3353599583140299
3.618461251661822,-2.0141938465196407,31.377583838007816,1240.797,1.8564874208181574,1,discharge,B0005,-2.0120147786150735,0.0014500857937034923,3.6369091428659517,0.00979107643142672,-2.0123860270257996,3.718591321951254,52.0,,,,,1.3250726721181572
3.615067251937504,-2.012636675477008,31.439329349553734,1259.156,1.8564874208181574,1,discharge,B0005,-2.0123625857125904,0.0015125712636257786,3.633522616731817,0.009729314324349272,-2.0124201368275703,3.7167020753420195,53.0,,,,,1.3148048135690826
3.611881808758121,-2.012210319697456,31.49875419125704,1277.547,1.8564874208181574,1,discharge,B0005,-2.012424098703266,0.0015099568409567016,3.630152993696202,0.009702414569661073,-2.0124241468025597,3.7148199489826763,54.0,,,,,1.3045241245290473
3.608578677267317,-2.011552238457628,31.554685554736025,1295.906,1.8564874208181574,1,discharge,B0005,-2.012723697928847,0.0010791278685725546,3.626786488644849,0.009617172265768206,-2.0124202590370124,3.7129483464331394,55.0,,,,,1.2942640888616628
3.6055349411099233,-2.0140642055357367,31.60394261572073,1314.297,1.8564874208181574,1,discharge,B0005,-2.012507936809345,0.0010760791342067334,3.623436730887849,0.009541691142183003,-2.0124047586695233,3.7110846023408923,56.0,,,,,1.2839814344142346
3.6021858993564058,-2.0118993923590667,31.6581151604487,1332.687,1.8564874208181574,1,discharge,B0005,-2.0126326468092017,0.0011726177653692874,3.6201438186935064,0.009469209875023126,-2.0124338717724397,3.7092328538982438,57.0,,,,,1.2736984523912787
3.598857145114916,-2.015418659421735,31.700917686184457,1351.203,1.8564874208181574,1,discharge,B0005,-2.0124163203463876,0.0010851306755818393,3.6168548016904927,0.009423363434938884,-2.01242465661014,3.7073872167509703,58.0,,,,,1.2633415328014488
3.5957670937938047,-2.012749650022577,31.758563275374726,1369.687,1.8564874208181574,1,discharge,B0005,-2.01285080982288,0.0013076260521574532,3.613574033776957,0.009407137063081383,-2.012475402420506,3.7055477240113763,59.0,,,,,1.253000329602592
3.5930166635689296,-2.0138512952228385,31.81138302618969,1388.125,1.8564874208181574,1,discharge,B0005,-2.013036483980733,0.0011371440317686338,3.6102928895094557,0.009323278450889021,-2.012479973213874,3.7037180468410837,60.0,,,,,1.242688875681976
3.589710093997269,-2.0135540833621937,31.869243502981195,1406.578,1.8564874208181574,1,discharge,B0005,-2.0131812190437004,0.0011395303589105683,3.6070932959379975,0.009212270878662356,-2.0125024539025453,3.70190327006613,61.0,,,,,1.2323669713137777
3.5866522032766084,-2.0163099096877253,31.91584617496636,1425.062,1.8564874208181574,1,discharge,B0005,-2.013213036607588,0.0011450418229654441,3.6039060826566014,0.009161455420785532,-2.0125194156680237,3.7000937027101806,62.0,,,,,1.2220214149182866
3.583442038235367,-2.0127709962440115,31.964417387723174,1443.609,1.8564874208181574,1,discharge,B0005,-2.0134246429243965,0.001459180256896967,3.6007251778180795,0.00907735923736644,-2.012579582239765,3.6982930439890134,63.0,,,,,1.2116426144235206
3.580485344347141,-2.012822716309189,32.01315881764927,1462.047,1.8564874208181574,1,discharge,B0005,-2.0134380750010967,0.0014524678068366947,3.5975626564478658,0.009038699667872614,-2.012582573083581,3.696498497024112,64.0,,,,,1.201333739857957
3.577250478130265,-2.012519953474933,32.06671887324482,1480.547,1.8564874208181574,1,discharge,B0005,-2.01349931466227,0.0014117509543844975,3.594423010006768,0.008972199199808316,-2.0125862675947443,3.6947136792906203,65.0,,,,,1.1909908454980953
3.5743688339111253,-2.011585027857753,32.11931241437056,1499.031,1.8564874208181574,1,discharge,B0005,-2.013596086164001,0.0013040246518056192,3.591290190093063,0.00895193227270836,-2.012585262835353,3.6929339338184937,66.0,,,,,1.180660073765463
3.5712851276871667,-2.01622851328796,32.16182646107055,1517.672,1.8564874208181574,1,discharge,B0005,-2.013348168396202,0.0014218083729597975,3.5881735793731826,0.008875007909081845,-2.012570333955091,3.6911643054616676,67.0,,,,,1.170231952623727
3.568720665506147,-2.012227513512012,32.21984558129608,1536.109,1.8564874208181574,1,discharge,B0005,-2.0137810804890917,0.0015664832071300492,3.585083502206259,0.008837683938261377,-2.0126241307099857,3.689401376376748,68.0,,,,,1.1599163076562116
3.5655546732997907,-2.013824259805759,32.26525994564743,1554.781,1.8564874208181574,1,discharge,B0005,-2.013461965898119,0.0015248691993778637,3.5820698542453826,0.008765015798642662,-2.012618382634653,3.68765238056703,69.0,,,,,1.149475413390741
3.562595408782016,-2.013887804659261,32.314372051414715,1573.281,1.8564874208181574,1,discharge,B0005,-2.0135694268764377,0.0015086631533403761,3.579048612195981,0.008729907300268238,-2.012635609451383,3.6859081276060692,70.0,,,,,1.1391264310028795
3.559784470410582,-2.0108430845976044,32.370839882731325,1591.859,1.8564874208181574,1,discharge,B0005,-2.0135730778200798,0.001509384856703799,3.576006486717289,0.008632317092506794,-2.0126532460036066,3.6841713287493922,71.0,,,,,1.1287415073277942
3.556893753831353,-2.010678198048069,32.41202452924694,1610.406,1.8564874208181574,1,discharge,B0005,-2.0133019779436205,0.001717555740918611,3.5730139243586208,0.008549734789582422,-2.012628104872968,3.6824437334946865,72.0,,,,,1.1183821802126235
3.553973587540843,-2.013477429843029,32.44708743388991,1628.953,1.8564874208181574,1,discharge,B0005,-2.012738806779655,0.0015545072272422807,3.5700380794140956,0.008463334829527176,-2.012601393820572,3.680723870759572,73.0,,,,,1.1080160670972767
3.551197827421948,-2.013286566822403,32.50304552076205,1647.562,1.8564874208181574,1,discharge,B0005,-2.012809450139557,0.001570335958342613,3.5670912343446433,0.008413341742713605,-2.0126132321452,3.679011029094454,74.0,,,,,1.0976085599842285
3.548515599577469,-2.011740383270553,32.553065051986884,1666.062,1.8564874208181574,1,discharge,B0005,-2.0128558351908783,0.0015768797934076254,3.5641624826521237,0.008338258384602903,-2.0126222099408957,3.677306853072154,75.0,,,,,1.0872664768485731
3.5458058311007727,-2.0130222067974155,32.5989989552268,1684.656,1.8564874208181574,1,discharge,B0005,-2.01277787817044,0.0016104701896547085,3.5612889947968442,0.008283873059480161,-2.012610606958391,3.675612231315645,76.0,,,,,1.0768725274597224
3.543110721550116,-2.013411432030162,32.64351728885966,1703.219,1.8564874208181574,1,discharge,B0005,-2.0129215960644067,0.0015609740099274889,3.558432694515809,0.00820540786606855,-2.012615952410846,3.673926433910257,77.0,,,,,1.0664915986211732
3.540293557597872,-2.013698959876419,32.690300195578764,1721.891,1.8564874208181574,1,discharge,B0005,-2.0126398879386267,0.001134770534746494,3.5556152539021033,0.008145460597812642,-2.012626150867504,3.6722493093928197,78.0,,,,,1.0560479590048286
3.537401005590436,-2.013064141778605,32.730074455102304,1740.437,1.8564874208181574,1,discharge,B0005,-2.0127870325750674,0.0011667093436951317,3.5527725431112764,0.008035407901470512,-2.012639730728376,3.6705789834207314,79.0,,,,,1.0456756883821487
3.5351870427542216,-2.0110514146671736,32.779918655246846,1759.016,1.8564874208181574,1,discharge,B0005,-2.012711020772352,0.0011205033765111104,3.549957176340341,0.007995725198378469,-2.0126450358665045,3.6689142586978525,80.0,,,,,1.0352917935317034
3.5325089411636674,-2.012815244329944,32.82181469931217,1777.641,1.8564874208181574,1,discharge,B0005,-2.012427381773143,0.0011454361377594004,3.547216339737561,0.007890667199613606,-2.0126253615307097,3.6672633054145978,81.0,,,,,1.024882832903395
3.5299033377316102,-2.0148401368014133,32.86578626864282,1796.328,1.8564874208181574,1,discharge,B0005,-2.0126245977463775,0.0010184172955336537,3.5444887868128703,0.007788327825522042,-2.012627677174603,3.6656199595090992,82.0,,,,,1.014429388999617
3.5275475345562626,-2.01296867524278,32.90915818545944,1815.047,1.8564874208181574,1,discharge,B0005,-2.0130407916217115,0.000987912241982726,3.5417897452028955,0.007697950150700908,-2.012654333314685,3.6639848194876836,83.0,,,,,1.0039576455061927
3.5250155059872195,-2.01375543740492,32.95555573054014,1833.75,1.8564874208181574,1,discharge,B0005,-2.012989916161687,0.0009771576479800392,3.5391471399044376,0.007597007881920338,-2.0126580754804957,3.662360566095643,84.0,,,,,0.9934976703563524
3.5226033573884603,-2.0119977076121405,32.983756223362334,1852.391,1.8564874208181574,1,discharge,B0005,-2.0130368032199386,0.0010012196505804194,3.5365289077609647,0.0075038516745345825,-2.012670985620783,3.660744741859073,85.0,,,,,0.9830748836374269
3.520112779230148,-2.011265054968487,33.028157482792835,1871.078,1.8564874208181574,1,discharge,B0005,-2.013062535654097,0.00097040204566915,3.5339376835420637,0.007390356165174893,-2.0126631568067292,3.6591384466908106,86.0,,,,,0.9726328404090459
3.5179689456722643,-2.010186980979301,33.06736385250343,1889.844,1.8564874208181574,1,discharge,B0005,-2.0128868204712043,0.0011107363974342407,3.531368378355001,0.007283099640930221,-2.012647086670657,3.657540450513102,87.0,,,,,0.9621513725053519
3.515386248430449,-2.012520466035076,33.11495219390969,1908.578,1.8564874208181574,1,discharge,B0005,-2.0125643753661184,0.0013532021645766986,3.528854200767216,0.007133629418994524,-2.012619130924165,3.6559544106853648,88.0,,,,,0.9516845112119676
3.5132836904357765,-2.0135954787601995,33.16027947668292,1927.281,1.8564874208181574,1,discharge,B0005,-2.0124465259819844,0.0012995123018685391,3.526363469850474,0.007052489895957132,-2.0126180223299053,3.6543749931319387,89.0,,,,,0.9412261158625918
3.5111398620917647,-2.0130695572564217,33.20376347715873,1946.031,1.8564874208181574,1,discharge,B0005,-2.0124996596801434,0.0013340814646269203,3.5239517383350085,0.0069890277050902215,-2.0126288829569083,3.65280731199087,90.0,,,,,0.930740008997965
3.5088048409150656,-2.012128558947808,33.23715597360877,1964.891,1.8564874208181574,1,discharge,B0005,-2.0127014739390683,0.001249712495793336,3.5215470202687618,0.006845074874125367,-2.0126337255316282,3.651250526827144,91.0,,,,,0.9201962261546857
3.5068911484709,-2.0116508334334893,33.28336571800471,1983.703,1.8564874208181574,1,discharge,B0005,-2.0126328054008544,0.0012603946772890018,3.519176610243902,0.00674211753412831,-2.0126282345904998,3.649702204154186,92.0,,,,,0.9096829847755916
3.504711595241825,-2.010926155575401,33.31893013910395,2002.484,1.8564874208181574,1,discharge,B0005,-2.0123138750640623,0.001046935473699711,3.516875391317831,0.006614191495288035,-2.0126177249006396,3.6481666014049035,93.0,,,,,0.8991902044380117
3.5027863690522647,-2.0150827459752803,33.354143538103976,2021.187,1.8564874208181574,1,discharge,B0005,-2.0121096230973246,0.0010972945049940116,3.5145917973863874,0.006476037157114879,-2.0125997294822864,3.646640484318062,94.0,,,,,0.8887320871483309
3.500641192436392,-2.0125090167753217,33.39763348309851,2039.906,1.8564874208181574,1,discharge,B0005,-2.0122423539543606,0.001341459370057395,3.512368883692892,0.006330020196438458,-2.0126258664980017,3.645126230473159,95.0,,,,,0.8782609079529241
3.498840324724502,-2.0153399541495163,33.44167146795547,2058.641,1.8564874208181574,1,discharge,B0005,-2.012293484870679,0.001340904393923585,3.510172667197685,0.006206868601135471,-2.0126246493133904,3.64362117799361,96.0,,,,,0.8677801092764966
3.496510091730773,-2.01178460382067,33.48501453651206,2077.406,1.8564874208181574,1,discharge,B0005,-2.0127009747887814,0.001566622883979284,3.50804542174712,0.006079610225662822,-2.0126526421467528,3.6421285918774333,97.0,,,,,0.857284415897287
3.494762083941214,-2.0141406052790485,33.531282695718424,2096.312,1.8564874208181574,1,discharge,B0005,-2.0128607370729186,0.0013714008753404883,3.5058995363529712,0.005984612562270616,-2.012643784612813,3.6406426888147125,98.0,,,,,0.8467130072857261
3.49264904176421,-2.011955438626154,33.5673161733715,2115.047,1.8564874208181574,1,discharge,B0005,-2.0130227509973153,0.0014165873336202564,3.5038371199040474,0.005913251214858608,-2.012658904013482,3.6391691473513434,99.0,,,,,0.836236769871481
3.490903811475105,-2.0117008155469,33.60771948100527,2133.969,1.8564874208181574,1,discharge,B0005,-2.012858746983911,0.0014355961194172438,3.501773655036891,0.005856807358729352,-2.0126518693596087,3.6377039462954723,100.0,,,,,0.8256623776990557
3.488848632551381,-2.0122905398569,33.66266784979646,2152.812,1.8564874208181574,1,discharge,B0005,-2.012721872812959,0.0014737157472165243,3.499750049975225,0.00576627968780304,-2.012642452985226,3.6362504796140827,101.0,,,,,0.815131256989351
3.486869289553692,-2.0112903504210333,33.70836355147667,2171.625,1.8564874208181574,1,discharge,B0005,-2.0127380709038682,0.0014679844696334921,3.497754429138857,0.005740439460868814,-2.0126390028565164,3.634805363466409,102.0,,,,,0.8046179754214622
3.4849958723381325,-2.011624701198909,33.77033764632846,2190.547,1.8564874208181574,1,discharge,B0005,-2.0127020226026224,0.0014983523787830328,3.4957522432471357,0.005696012572186078,-2.0126259091435506,3.6333690909041496,103.0,,,,,0.7940455311705243
3.4831738120107745,-2.0136155754500638,33.81562187018666,2209.422,1.8564874208181574,1,discharge,B0005,-2.0127718771649734,0.0014285909008446972,3.4937806709567667,0.005665722780289535,-2.0126162821440827,3.6319424253410144,104.0,,,,,0.7834932519730591
3.480996352828119,-2.0119309097631826,33.85394213039995,2228.297,1.8564874208181574,1,discharge,B0005,-2.0126251601124516,0.0012476046177603238,3.4918194152526176,0.005603050645615937,-2.0126257992231875,3.6305255814045365,105.0,,,,,0.7729401700413367
3.479328828837194,-2.015181645434741,33.90438752528228,2247.219,1.8564874208181574,1,discharge,B0005,-2.0125673494112375,0.001264920800821939,3.48985493129179,0.005609498378771829,-2.012619243662244,3.6291149283047583,106.0,,,,,0.7623566945178015
3.477212881390962,-2.014043673338185,33.95309699786346,2265.969,1.8564874208181574,1,discharge,B0005,-2.01255151853976,0.0012306480740805954,3.4879037817030594,0.005537656645030913,-2.012643191342361,3.6277150582162765,107.0,,,,,0.7518639202501638
3.4753105413831458,-2.013217760628927,34.00238375569582,2284.937,1.8564874208181574,1,discharge,B0005,-2.0127774254915116,0.0012756557164844426,3.4859740606690783,0.005564575057296468,-2.012656158768248,3.6263215195419685,108.0,,,,,0.7412543237391238
3.473443290386014,-2.011669638943265,34.04779830166837,2303.859,1.8564874208181574,1,discharge,B0005,-2.0126851410264996,0.0012051326377316577,3.484028906413272,0.005552386832921517,-2.0126613110788965,3.6249360977239973,109.0,,,,,0.7306766960481925
3.4711879019081686,-2.0128933420251287,34.09934357050654,2322.797,1.8564874208181574,1,discharge,B0005,-2.0126565610582103,0.001225318631514672,3.4821083312754517,0.0055601478400492555,-2.0126522958776634,3.6235588903845617,110.0,,,,,0.720090977474084
3.469158039902223,-2.0119443831543045,34.140884767723,2341.766,1.8564874208181574,1,discharge,B0005,-2.0127758137060336,0.0011838268999794465,3.480136740318758,0.0055872715760943775,-2.0126544674645777,3.6221861787766656,111.0,,,,,0.7094872070839551
3.4671579943063167,-2.012427484501588,34.19289487277824,2360.594,1.8564874208181574,1,discharge,B0005,-2.0127411980357737,0.001202425253334664,3.4781676810538427,0.005639493676972411,-2.012648127426093,3.6208198561081444,112.0,,,,,0.6989634746500348
3.465097993031564,-2.010299629981853,34.24423216160412,2379.578,1.8564874208181574,1,discharge,B0005,-2.012854911443829,0.001110063731827547,3.4761965515291045,0.005698074982722698,-2.012646174833841,3.6194600166231723,113.0,,,,,0.6883568841581804
3.463197485444895,-2.012658501123071,34.30023373795492,2398.672,1.8564874208181574,1,discharge,B0005,-2.012722404322124,0.0013100717391567034,3.474206763598448,0.005751851693330515,-2.012625591107069,3.618105963784649,114.0,,,,,0.6776882226921639
3.460765705112582,-2.013968219184656,34.34762219832119,2417.797,1.8564874208181574,1,discharge,B0005,-2.0126266968894244,0.0012758373503583074,3.4722091309418603,0.005759590827024341,-2.012625877281121,3.616758933538217,115.0,,,,,0.6669924954663464
3.4585295432468413,-2.0144535347695864,34.4037155027466,2436.906,1.8564874208181574,1,discharge,B0005,-2.0128304278315716,0.0013106528457748074,3.4701860661703066,0.005869733217790878,-2.0126374491940826,3.615414164327651,116.0,,,,,0.6563009522307475
3.4563759463501422,-2.010759639842223,34.4552007473828,2455.969,1.8564874208181574,1,discharge,B0005,-2.0127576167650565,0.0011929520619908451,3.468106137611271,0.005946100149306469,-2.0126529712930186,3.614073270130379,117.0,,,,,0.6456436412935771
3.4538210537417333,-2.0121779984073718,34.530969550868825,2474.984,1.8564874208181574,1,discharge,B0005,-2.01242921341546,0.0012446215849284616,3.466022444107189,0.0060399328507868225,-2.0126369261112322,3.612736852132241,118.0,,,,,0.6350191747392278
3.4515907122275227,-2.0087093465325,34.57901217997282,2494.031,1.8564874208181574,1,discharge,B0005,-2.0123252371933047,0.0012175393472647752,3.463873495343048,0.00617440893004199,-2.0126330695759056,3.61140142525501,119.0,,,,,0.6243822523421347
3.4493434152393183,-2.016679128578936,34.641933413168545,2513.187,1.8564874208181574,1,discharge,B0005,-2.0120292079522284,0.0016307220398056846,3.4616882375271985,0.00626710078932274,-2.012600371883877,3.6100696693131145,120.0,,,,,0.6136724826714075
3.446911775455076,-2.0138586708540003,34.71979044243843,2532.391,1.8564874208181574,1,discharge,B0005,-2.012407786607609,0.0021455619279510917,3.4595037888603137,0.006381209738138612,-2.0126340806168943,3.6087413531637442,121.0,,,,,0.6029221426852533
3.444337080026871,-2.0115758127460204,34.774690778345644,2551.547,1.8564874208181574,1,discharge,B0005,-2.0125992153775782,0.0021807850068934456,3.457279162415599,0.006504329231008563,-2.0126441182417887,3.6074148812153126,122.0,,,,,0.5922122506063863
3.4418610480967886,-2.011119043674645,34.836805177330966,2570.578,1.8564874208181574,1,discharge,B0005,-2.0125140482020223,0.0022023523659373077,3.4549970709876545,0.006639952948856216,-2.012635432831254,3.6060890454332926,123.0,,,,,0.5815794859101999
3.4389402660812247,-2.013523872307681,34.90772240297295,2589.703,1.8564874208181574,1,discharge,B0005,-2.012595989571301,0.00213257602760357,3.4526733764941775,0.0067632881196382656,-2.0126232038864424,3.604764626099934,124.0,,,,,0.570889028164622
3.436361034951056,-2.0112922215928988,34.96834032784512,2608.797,1.8564874208181574,1,discharge,B0005,-2.012682526689762,0.0021508365136557973,3.4502476545578107,0.006902324573464794,-2.0126304092338123,3.6034380312197842,125.0,,,,,0.5602154394844918
3.433670809048502,-2.0138901413030603,35.03904430728114,2627.953,1.8564874208181574,1,discharge,B0005,-2.012414926930586,0.002140673348378171,3.4478071875416574,0.0070644948102135605,-2.0126197886969797,3.6021120233128894,126.0,,,,,0.5495062181867647
3.4308965803729032,-2.0126687404943917,35.09556778980695,2647.234,1.8564874208181574,1,discharge,B0005,-2.0123585875839334,0.002093165501059878,3.4453213141218235,0.007225949679276492,-2.0126297914734055,3.600785714539154,127.0,,,,,0.5387234290478848
3.4278208975786204,-2.012841437574024,35.17021564015686,2666.516,1.8564874208181574,1,discharge,B0005,-2.0125494976491507,0.002024561991281433,3.4427733775240994,0.007369475752305171,-2.012630095762632,3.59945845567848,128.0,,,,,0.5279428891515632
3.424844059133908,-2.0110968292008407,35.2465914739535,2685.812,1.8564874208181574,1,discharge,B0005,-2.0126158415658155,0.00202216998903964,3.440173361907788,0.0075961597093395505,-2.0126317340712476,3.59812793197228,129.0,,,,,0.5171587345966067
3.4217572691161324,-2.01176990089421,35.32264085179671,2704.969,1.8564874208181574,1,discharge,B0005,-2.01285458983265,0.0016543398204783295,3.437498696598427,0.007810952011994504,-2.012619927110706,3.5967949791042924,130.0,,,,,0.5064551154371022
3.418746324042909,-2.010560853989072,35.396462624288304,2724.203,1.8564874208181574,1,discharge,B0005,-2.0123636670641774,0.0010727443423977324,3.434740081986108,0.008009402893115247,-2.0126134383609617,3.595458813379192,131.0,,,,,0.495709905751071
3.415457808616587,-2.012447887937708,35.45856314881188,2743.453,1.8564874208181574,1,discharge,B0005,-2.0120338853776847,0.0010693616453836055,3.4319235368448915,0.008184291374093397,-2.0125978884793563,3.5941200823993715,132.0,,,,,0.4849539448785585
3.4117760087144955,-2.009914541451216,35.54801733273433,2762.625,1.8564874208181574,1,discharge,B0005,-2.0121210928968534,0.0010639952704786615,3.4290356097038632,0.008387187687177286,-2.012596760655735,3.5927767570325835,133.0,,,,,0.4742432875874134
3.408293969372279,-2.0152481947556304,35.60928065434749,2781.922,1.8564874208181574,1,discharge,B0005,-2.0120006426745105,0.0012263989332144645,3.426027105765634,0.00863909815824306,-2.0125767440945075,3.5914260051794638,134.0,,,,,0.46345529240399896
3.404357793933063,-2.0150953474129545,35.68496007922167,2801.25,1.8564874208181574,1,discharge,B0005,-2.012173074919305,0.0015155718606410635,3.4229624760947397,0.008945026756190579,-2.012596532617923,3.590069471580892,135.0,,,,,0.45263605907302207
3.4002362406403064,-2.012875924788009,35.75662514280143,2820.625,1.8564874208181574,1,discharge,B0005,-2.0125533875013106,0.001711343857670489,3.41976215199294,0.00929691944697305,-2.012614906256122,3.588703944539364,136.0,,,,,0.4417969002676201
3.396130717871789,-2.009719858043891,35.82367474198864,2839.937,1.8564874208181574,1,discharge,B0005,-2.0124519658498055,0.0016583496028503716,3.41641869515212,0.009697167362857407,-2.0126168115008802,3.5873282678685676,137.0,,,,,0.4310074044678909
3.391813378425516,-2.012525609775728,35.90944859717548,2859.234,1.8564874208181574,1,discharge,B0005,-2.0121570776047557,0.001845238876098331,3.4129421089020093,0.010106813992299015,-2.012595819084525,3.5859427783758377,138.0,,,,,0.4202272279689303
3.387048291986388,-2.0124717716077494,35.99556666034473,2878.578,1.8564874208181574,1,discharge,B0005,-2.012125494824926,0.0018359345786909736,3.409341356986699,0.010568195902132217,-2.0125953139815844,3.5845461639877056,139.0,,,,,0.409413401670947
3.382030920346834,-2.012391444985292,36.068027010769285,2897.937,1.8564874208181574,1,discharge,B0005,-2.012262989065617,0.0018049727353689432,3.4055617802719462,0.011093523417177576,-2.0125944315360567,3.583135464901982,140.0,,,,,0.39859155069733254
3.3765480941020134,-2.0117711404942584,36.15179923917471,2917.281,1.8564874208181574,1,discharge,B0005,-2.012325143474725,0.0017976094967221503,3.401589145395017,0.011680119217431045,-2.0125929919151293,3.581709191536343,141.0,,,,,0.3877799672176774
3.3704516808092,-2.013057210639712,36.2262079731765,2936.687,1.8564874208181574,1,discharge,B0005,-2.0124461721252436,0.0017135262355089673,3.3973693224009276,0.012324237335522759,-2.012587204229067,3.5802643950755373,142.0,,,,,0.37693193680349624
3.3637870289545013,-2.0131297744697148,36.31758398444011,2956.078,1.8564874208181574,1,discharge,B0005,-2.012507104395444,0.0017233095863602292,3.3928687096201884,0.013090757045672636,-2.0125904909871832,3.578797173297451,143.0,,,,,0.3660886323829049
3.356852193816097,-2.010504506799992,36.40175268580264,2975.453,1.8564874208181574,1,discharge,B0005,-2.012828627697294,0.0014943400673776655,3.388069811644189,0.014041521191621187,-2.0125942360113673,3.5773040472950695,144.0,,,,,0.3552611442996272
3.348677494802443,-2.013446754531448,36.48121162070499,2994.969,1.8564874208181574,1,discharge,B0005,-2.01235425890173,0.0014009817280440464,3.3829256340885707,0.015074948270427602,-2.0125798240857717,3.57578368968487,145.0,,,,,0.34435400085294043
3.339590897464596,-2.0119982113302872,36.57401014102597,3014.453,1.8564874208181574,1,discharge,B0005,-2.01218939961358,0.001141739578398647,3.3773576041755087,0.016358816128912407,-2.0125857619655365,3.5742281678021133,146.0,,,,,0.33346069950365576
3.329635127433192,-2.0140764480537103,36.67762685521643,3033.891,1.8564874208181574,1,discharge,B0005,-2.0121016282678075,0.0011191019034016937,3.3712930698579378,0.017919863324829814,-2.0125817650224396,3.5726319958950556,147.0,,,,,0.32259141627739085
3.3182079062628267,-2.0100685422582028,36.76747018030684,3053.375,1.8564874208181574,1,discharge,B0005,-2.012537287268789,0.0009409031213614844,3.3646435108140778,0.01971680519057764,-2.012591864232111,3.570990125162205,148.0,,,,,0.31170163280638574
